<?xml version="1.0" encoding="UTF-8"?>
<project-private xmlns="http://www.netbeans.org/ns/project-private/1">
    <editor-bookmarks xmlns="http://www.netbeans.org/ns/editor-bookmarks/2" lastBookmarkId="0"/>
    <open-files xmlns="http://www.netbeans.org/ns/projectui-open-files/2">
        <group>
            <file>file:/C:/Users/manue/OneDrive/Documentos/GitHub/Desarrollo%20de%20Software/ProyectoDS/web/vistas/listarAgente.jsp</file>
            <file>file:/C:/Users/manue/OneDrive/Documentos/GitHub/Desarrollo%20de%20Software/ProyectoDS/web/index.jsp</file>
            <file>file:/C:/Users/manue/OneDrive/Documentos/GitHub/Desarrollo%20de%20Software/ProyectoDS/web/vistas/Agente.jsp</file>
            <file>file:/C:/Users/manue/OneDrive/Documentos/GitHub/Desarrollo%20de%20Software/ProyectoDS/src/java/Controladores/ControladorAgente.java</file>
            <file>file:/C:/Users/manue/OneDrive/Documentos/GitHub/Desarrollo%20de%20Software/ProyectoDS/src/java/ModeloDAO/AgenteDAO.java</file>
        </group>
    </open-files>
</project-private>
