<?xml version="1.0" encoding="UTF-8"?>
<project-private xmlns="http://www.netbeans.org/ns/project-private/1">
    <editor-bookmarks xmlns="http://www.netbeans.org/ns/editor-bookmarks/2" lastBookmarkId="0"/>
    <open-files xmlns="http://www.netbeans.org/ns/projectui-open-files/2">
        <group>
            <file>file:/C:/Users/manue/OneDrive/Documentos/GitHub/Desarrollo%20de%20Software/ProyectoDS/src/java/Controladores/ControladorTicket.java</file>
            <file>file:/C:/Users/manue/OneDrive/Documentos/GitHub/Desarrollo%20de%20Software/ProyectoDS/src/java/Interfaces/CRUDRegistro.java</file>
            <file>file:/C:/Users/manue/OneDrive/Documentos/GitHub/Desarrollo%20de%20Software/ProyectoDS/src/java/Controladores/ControladorCliente.java</file>
            <file>file:/C:/Users/manue/OneDrive/Documentos/GitHub/Desarrollo%20de%20Software/ProyectoDS/src/java/ModeloDAO/RegistroLlamadasDAO.java</file>
            <file>file:/C:/Users/manue/OneDrive/Documentos/GitHub/Desarrollo%20de%20Software/ProyectoDS/src/java/Interfaces/CRUDDepartamento.java</file>
            <file>file:/C:/Users/manue/OneDrive/Documentos/GitHub/Desarrollo%20de%20Software/ProyectoDS/src/java/Interfaces/CRUDEncuesta.java</file>
            <file>file:/C:/Users/manue/OneDrive/Documentos/GitHub/Desarrollo%20de%20Software/ProyectoDS/src/java/Controladores/DashboardController.java</file>
            <file>file:/C:/Users/manue/OneDrive/Documentos/GitHub/Desarrollo%20de%20Software/ProyectoDS/src/java/Interfaces/CRUDSeguimiento.java</file>
            <file>file:/C:/Users/manue/OneDrive/Documentos/GitHub/Desarrollo%20de%20Software/ProyectoDS/src/java/Interfaces/CRUDHistorial.java</file>
            <file>file:/C:/Users/manue/OneDrive/Documentos/GitHub/Desarrollo%20de%20Software/ProyectoDS/src/java/ModeloDAO/HistorialLlamadasDAO.java</file>
            <file>file:/C:/Users/manue/OneDrive/Documentos/GitHub/Desarrollo%20de%20Software/ProyectoDS/src/java/ModeloDAO/SeguimientoDAO.java</file>
            <file>file:/C:/Users/manue/OneDrive/Documentos/GitHub/Desarrollo%20de%20Software/ProyectoDS/web/vistas/Ticket.jsp</file>
            <file>file:/C:/Users/manue/OneDrive/Documentos/GitHub/Desarrollo%20de%20Software/ProyectoDS/src/java/ModeloDAO/EncuestaDAO.java</file>
            <file>file:/C:/Users/manue/OneDrive/Documentos/GitHub/Desarrollo%20de%20Software/ProyectoDS/src/java/Modelo/HistorialLlamadas.java</file>
            <file>file:/C:/Users/manue/OneDrive/Documentos/GitHub/Desarrollo%20de%20Software/ProyectoDS/src/java/ModeloDAO/DepartamentoDAO.java</file>
        </group>
    </open-files>
</project-private>
